id,risk_category
test_0,other_risk
test_1,other_risk
test_2,other_risk
test_3,other_risk
test_4,other_risk
test_5,other_risk
test_6,other_risk
test_7,other_risk
test_8,other_risk
test_9,other_risk
test_10,other_risk
test_11,other_risk
test_12,other_risk
test_13,other_risk
test_14,other_risk
test_15,other_risk
test_16,other_risk
test_17,other_risk
test_18,other_risk
test_19,other_risk
test_20,other_risk
test_21,other_risk
test_22,other_risk
test_23,other_risk
test_24,other_risk
test_25,other_risk
test_26,other_risk
test_27,other_risk
test_28,other_risk
test_29,other_risk
test_30,other_risk
test_31,other_risk
test_32,other_risk
test_33,other_risk
test_34,other_risk
test_35,other_risk
test_36,other_risk
test_37,other_risk
test_38,other_risk
test_39,other_risk
test_40,other_risk
test_41,other_risk
test_42,other_risk
test_43,other_risk
test_44,other_risk
test_45,other_risk
test_46,other_risk
test_47,other_risk
test_48,other_risk
test_49,other_risk
test_50,other_risk
test_51,other_risk
test_52,other_risk
test_53,other_risk
test_54,other_risk
test_55,other_risk
test_56,other_risk
test_57,other_risk
test_58,other_risk
test_59,other_risk
test_60,other_risk
test_61,other_risk
test_62,other_risk
test_63,other_risk
test_64,other_risk
test_65,other_risk
test_66,other_risk
test_67,other_risk
test_68,other_risk
test_69,other_risk
test_70,other_risk
test_71,other_risk
test_72,other_risk
test_73,other_risk
test_74,other_risk
test_75,other_risk
test_76,other_risk
test_77,other_risk
test_78,other_risk
test_79,other_risk
test_80,other_risk
test_81,other_risk
test_82,other_risk
test_83,other_risk
test_84,other_risk
test_85,other_risk
test_86,other_risk
test_87,other_risk
test_88,other_risk
test_89,other_risk
test_90,other_risk
test_91,other_risk
test_92,other_risk
test_93,other_risk
test_94,other_risk
test_95,other_risk
test_96,other_risk
test_97,other_risk
test_98,other_risk
test_99,other_risk
test_100,other_risk
test_101,other_risk
test_102,other_risk
test_103,other_risk
test_104,other_risk
test_105,other_risk
test_106,other_risk
test_107,other_risk
test_108,other_risk
test_109,other_risk
test_110,other_risk
test_111,other_risk
test_112,other_risk
test_113,other_risk
test_114,other_risk
test_115,other_risk
test_116,other_risk
test_117,other_risk
test_118,other_risk
test_119,other_risk
test_120,other_risk
test_121,other_risk
test_122,other_risk
test_123,other_risk
test_124,other_risk
test_125,other_risk
test_126,other_risk
test_127,other_risk
test_128,other_risk
test_129,other_risk
test_130,other_risk
test_131,other_risk
test_132,other_risk
test_133,other_risk
test_134,other_risk
test_135,other_risk
test_136,other_risk
test_137,other_risk
test_138,other_risk
test_139,other_risk
test_140,other_risk
test_141,other_risk
test_142,other_risk
test_143,other_risk
test_144,other_risk
test_145,other_risk
test_146,other_risk
test_147,other_risk
test_148,other_risk
test_149,other_risk
test_150,other_risk
test_151,other_risk
test_152,other_risk
test_153,other_risk
test_154,other_risk
test_155,other_risk
test_156,other_risk
test_157,other_risk
test_158,other_risk
test_159,other_risk
test_160,other_risk
test_161,other_risk
test_162,other_risk
test_163,other_risk
test_164,other_risk
test_165,other_risk
test_166,other_risk
test_167,other_risk
test_168,other_risk
test_169,other_risk
test_170,other_risk
test_171,other_risk
test_172,other_risk
test_173,other_risk
test_174,other_risk
test_175,other_risk
test_176,other_risk
test_177,other_risk
test_178,other_risk
test_179,other_risk
test_180,other_risk
test_181,other_risk
test_182,other_risk
test_183,other_risk
test_184,other_risk
test_185,other_risk
test_186,other_risk
test_187,other_risk
test_188,other_risk
test_189,other_risk
test_190,other_risk
test_191,other_risk
test_192,other_risk
test_193,other_risk
test_194,other_risk
test_195,other_risk
test_196,other_risk
test_197,other_risk
test_198,other_risk
test_199,other_risk
test_200,other_risk
test_201,other_risk
test_202,other_risk
test_203,other_risk
test_204,other_risk
test_205,other_risk
test_206,other_risk
test_207,other_risk
test_208,other_risk
test_209,other_risk
test_210,other_risk
test_211,other_risk
test_212,other_risk
test_213,other_risk
test_214,other_risk
test_215,other_risk
test_216,other_risk
test_217,other_risk
test_218,other_risk
test_219,other_risk
test_220,other_risk
test_221,other_risk
test_222,other_risk
test_223,other_risk
test_224,other_risk
test_225,other_risk
test_226,other_risk
test_227,other_risk
test_228,other_risk
test_229,other_risk
test_230,other_risk
test_231,other_risk
test_232,other_risk
test_233,other_risk
test_234,other_risk
test_235,other_risk
test_236,other_risk
test_237,other_risk
test_238,other_risk
test_239,other_risk
test_240,other_risk
test_241,other_risk
test_242,other_risk
test_243,other_risk
test_244,other_risk
test_245,other_risk
test_246,other_risk
test_247,other_risk
test_248,other_risk
test_249,other_risk
test_250,other_risk
test_251,other_risk
test_252,other_risk
test_253,other_risk
test_254,other_risk
test_255,other_risk
test_256,other_risk
test_257,other_risk
test_258,other_risk
test_259,other_risk
test_260,other_risk
test_261,other_risk
test_262,other_risk
test_263,other_risk
test_264,other_risk
test_265,other_risk
test_266,other_risk
test_267,other_risk
test_268,other_risk
test_269,other_risk
test_270,other_risk
test_271,other_risk
test_272,other_risk
test_273,other_risk
test_274,other_risk
test_275,other_risk
test_276,other_risk
test_277,other_risk
test_278,other_risk
test_279,other_risk
test_280,other_risk
test_281,other_risk
test_282,other_risk
test_283,other_risk
test_284,other_risk
test_285,other_risk
test_286,other_risk
test_287,other_risk
test_288,other_risk
test_289,other_risk
test_290,other_risk
test_291,other_risk
test_292,other_risk
test_293,other_risk
test_294,other_risk
test_295,other_risk
test_296,other_risk
test_297,other_risk
test_298,other_risk
test_299,other_risk
test_300,other_risk
test_301,other_risk
test_302,other_risk
test_303,other_risk
test_304,other_risk
test_305,other_risk
test_306,other_risk
test_307,other_risk
test_308,other_risk
test_309,other_risk
test_310,other_risk
test_311,other_risk
test_312,other_risk
test_313,other_risk
test_314,other_risk
test_315,other_risk
test_316,other_risk
test_317,other_risk
test_318,other_risk
test_319,other_risk
test_320,other_risk
test_321,other_risk
test_322,other_risk
test_323,other_risk
test_324,other_risk
test_325,other_risk
test_326,other_risk
test_327,other_risk
test_328,other_risk
test_329,other_risk
test_330,other_risk
test_331,other_risk
test_332,other_risk
test_333,other_risk
test_334,other_risk
test_335,other_risk
test_336,other_risk
test_337,other_risk
test_338,other_risk
test_339,other_risk
test_340,other_risk
test_341,other_risk
test_342,other_risk
test_343,other_risk
test_344,other_risk
test_345,other_risk
test_346,other_risk
test_347,other_risk
test_348,other_risk
test_349,other_risk
test_350,other_risk
test_351,other_risk
test_352,other_risk
test_353,other_risk
test_354,other_risk
test_355,other_risk
test_356,other_risk
test_357,other_risk
test_358,other_risk
test_359,other_risk
test_360,other_risk
test_361,other_risk
test_362,other_risk
test_363,other_risk
test_364,other_risk
test_365,other_risk
test_366,other_risk
test_367,other_risk
test_368,other_risk
test_369,other_risk
test_370,other_risk
test_371,other_risk
test_372,other_risk
test_373,other_risk
test_374,other_risk
test_375,other_risk
test_376,other_risk
test_377,other_risk
test_378,other_risk
test_379,other_risk
test_380,other_risk
test_381,other_risk
test_382,other_risk
test_383,other_risk
test_384,other_risk
test_385,other_risk
test_386,other_risk
test_387,other_risk
test_388,other_risk
test_389,other_risk
test_390,other_risk
test_391,other_risk
test_392,other_risk
test_393,other_risk
test_394,other_risk
test_395,other_risk
test_396,other_risk
test_397,other_risk
test_398,other_risk
test_399,other_risk
test_400,other_risk
test_401,other_risk
test_402,other_risk
test_403,other_risk
test_404,other_risk
test_405,other_risk
test_406,other_risk
test_407,other_risk
test_408,other_risk
test_409,other_risk
test_410,other_risk
test_411,other_risk
test_412,other_risk
test_413,other_risk
test_414,other_risk
test_415,other_risk
test_416,other_risk
test_417,other_risk
test_418,other_risk
test_419,other_risk
test_420,other_risk
test_421,other_risk
test_422,other_risk
test_423,other_risk
test_424,other_risk
test_425,other_risk
test_426,other_risk
test_427,other_risk
test_428,other_risk
test_429,other_risk
test_430,other_risk
test_431,other_risk
test_432,other_risk
test_433,other_risk
test_434,other_risk
test_435,other_risk
test_436,other_risk
test_437,other_risk
test_438,other_risk
test_439,other_risk
test_440,other_risk
test_441,other_risk
test_442,other_risk
test_443,other_risk
test_444,other_risk
test_445,other_risk
test_446,other_risk
test_447,other_risk
test_448,other_risk
test_449,other_risk
test_450,other_risk
test_451,other_risk
test_452,other_risk
test_453,other_risk
test_454,other_risk
test_455,other_risk
test_456,other_risk
test_457,other_risk
test_458,other_risk
test_459,other_risk
test_460,other_risk
test_461,other_risk
test_462,other_risk
test_463,other_risk
test_464,other_risk
test_465,other_risk
test_466,other_risk
test_467,other_risk
test_468,other_risk
test_469,other_risk
test_470,other_risk
test_471,other_risk
test_472,other_risk
test_473,other_risk
test_474,other_risk
test_475,other_risk
test_476,other_risk
test_477,other_risk
test_478,other_risk
test_479,other_risk
test_480,other_risk
test_481,other_risk
test_482,other_risk
test_483,other_risk
test_484,other_risk
test_485,other_risk
test_486,other_risk
test_487,other_risk
test_488,other_risk
test_489,other_risk
test_490,other_risk
test_491,other_risk
test_492,other_risk
test_493,other_risk
test_494,other_risk
test_495,other_risk
test_496,other_risk
test_497,other_risk
test_498,other_risk
test_499,other_risk
test_500,other_risk
test_501,other_risk
test_502,other_risk
test_503,other_risk
test_504,other_risk
test_505,other_risk
test_506,other_risk
test_507,other_risk
test_508,other_risk
test_509,other_risk
test_510,other_risk
test_511,other_risk
test_512,other_risk
test_513,other_risk
test_514,other_risk
test_515,other_risk
test_516,other_risk
test_517,other_risk
test_518,other_risk
test_519,other_risk
test_520,other_risk
test_521,other_risk
test_522,other_risk
test_523,other_risk
test_524,other_risk
test_525,other_risk
test_526,other_risk
test_527,other_risk
test_528,other_risk
test_529,other_risk
test_530,other_risk
test_531,other_risk
test_532,other_risk
test_533,other_risk
test_534,other_risk
test_535,other_risk
test_536,other_risk
test_537,other_risk
test_538,other_risk
test_539,other_risk
test_540,other_risk
test_541,other_risk
test_542,other_risk
test_543,other_risk
test_544,other_risk
test_545,other_risk
test_546,other_risk
test_547,other_risk
test_548,other_risk
test_549,other_risk
test_550,other_risk
test_551,other_risk
test_552,other_risk
test_553,other_risk
test_554,other_risk
test_555,other_risk
test_556,other_risk
test_557,other_risk
test_558,other_risk
test_559,other_risk
test_560,other_risk
test_561,other_risk
test_562,other_risk
test_563,other_risk
test_564,other_risk
test_565,other_risk
test_566,other_risk
test_567,other_risk
test_568,other_risk
test_569,other_risk
test_570,other_risk
test_571,other_risk
test_572,other_risk
test_573,other_risk
test_574,other_risk
test_575,other_risk
test_576,other_risk
test_577,other_risk
test_578,other_risk
test_579,other_risk
test_580,other_risk
test_581,other_risk
test_582,other_risk
test_583,other_risk
test_584,other_risk
test_585,other_risk
test_586,other_risk
test_587,other_risk
test_588,other_risk
test_589,other_risk
test_590,other_risk
test_591,other_risk
test_592,other_risk
test_593,other_risk
test_594,other_risk
test_595,other_risk
test_596,other_risk
test_597,other_risk
test_598,other_risk
test_599,other_risk
test_600,other_risk
test_601,other_risk
test_602,other_risk
test_603,other_risk
test_604,other_risk
test_605,other_risk
test_606,other_risk
test_607,other_risk
test_608,other_risk
test_609,other_risk
test_610,other_risk
test_611,other_risk
test_612,other_risk
test_613,other_risk
test_614,other_risk
test_615,other_risk
test_616,other_risk
test_617,other_risk
test_618,other_risk
test_619,other_risk
test_620,other_risk
test_621,other_risk
test_622,other_risk
test_623,other_risk
test_624,other_risk
test_625,other_risk
test_626,other_risk
test_627,other_risk
test_628,other_risk
test_629,other_risk
test_630,other_risk
test_631,other_risk
test_632,other_risk
test_633,other_risk
test_634,other_risk
test_635,other_risk
test_636,other_risk
test_637,other_risk
test_638,other_risk
test_639,other_risk
test_640,other_risk
test_641,other_risk
test_642,other_risk
test_643,other_risk
test_644,other_risk
test_645,other_risk
test_646,other_risk
test_647,other_risk
test_648,other_risk
test_649,other_risk
test_650,other_risk
test_651,other_risk
test_652,other_risk
test_653,other_risk
test_654,other_risk
test_655,other_risk
test_656,other_risk
test_657,other_risk
test_658,other_risk
test_659,other_risk
test_660,other_risk
test_661,other_risk
test_662,other_risk
test_663,other_risk
test_664,other_risk
test_665,other_risk
test_666,other_risk
test_667,other_risk
test_668,other_risk
test_669,other_risk
test_670,other_risk
test_671,other_risk
test_672,other_risk
test_673,other_risk
test_674,other_risk
test_675,other_risk
test_676,other_risk
test_677,other_risk
test_678,other_risk
test_679,other_risk
test_680,other_risk
test_681,other_risk
test_682,other_risk
test_683,other_risk
test_684,other_risk
test_685,other_risk
test_686,other_risk
test_687,other_risk
test_688,other_risk
test_689,other_risk
test_690,other_risk
test_691,other_risk
test_692,other_risk
test_693,other_risk
test_694,other_risk
test_695,other_risk
test_696,other_risk
test_697,other_risk
test_698,other_risk
test_699,other_risk
test_700,other_risk
test_701,other_risk
test_702,other_risk
test_703,other_risk
test_704,other_risk
test_705,other_risk
test_706,other_risk
test_707,other_risk
test_708,other_risk
test_709,other_risk
test_710,other_risk
test_711,other_risk
test_712,other_risk
test_713,other_risk
test_714,other_risk
test_715,other_risk
test_716,other_risk
test_717,other_risk
test_718,other_risk
test_719,other_risk
test_720,other_risk
test_721,other_risk
test_722,other_risk
test_723,other_risk
test_724,other_risk
test_725,other_risk
test_726,other_risk
test_727,other_risk
test_728,other_risk
test_729,other_risk
test_730,other_risk
test_731,other_risk
test_732,other_risk
test_733,other_risk
test_734,other_risk
test_735,other_risk
test_736,other_risk
test_737,other_risk
test_738,other_risk
test_739,other_risk
test_740,other_risk
test_741,other_risk
test_742,other_risk
test_743,other_risk
test_744,other_risk
test_745,other_risk
test_746,other_risk
test_747,other_risk
test_748,other_risk
test_749,other_risk
test_750,other_risk
test_751,other_risk
test_752,other_risk
test_753,other_risk
test_754,other_risk
test_755,other_risk
test_756,other_risk
test_757,other_risk
test_758,other_risk
test_759,other_risk
test_760,other_risk
test_761,other_risk
test_762,other_risk
test_763,other_risk
test_764,other_risk
test_765,other_risk
test_766,other_risk
test_767,other_risk
test_768,other_risk
test_769,other_risk
test_770,other_risk
test_771,other_risk
test_772,other_risk
test_773,other_risk
test_774,other_risk
test_775,other_risk
test_776,other_risk
test_777,other_risk
test_778,other_risk
test_779,other_risk
test_780,other_risk
test_781,other_risk
test_782,other_risk
test_783,other_risk
test_784,other_risk
test_785,other_risk
test_786,other_risk
test_787,other_risk
test_788,other_risk
test_789,other_risk
test_790,other_risk
test_791,other_risk
test_792,other_risk
test_793,other_risk
test_794,other_risk
test_795,other_risk
test_796,other_risk
test_797,other_risk
test_798,other_risk
test_799,other_risk
test_800,other_risk
test_801,other_risk
test_802,other_risk
test_803,other_risk
test_804,other_risk
test_805,other_risk
test_806,other_risk
test_807,other_risk
test_808,other_risk
test_809,other_risk
test_810,other_risk
test_811,other_risk
test_812,other_risk
test_813,other_risk
test_814,other_risk
test_815,other_risk
test_816,other_risk
test_817,other_risk
test_818,other_risk
test_819,other_risk
test_820,other_risk
test_821,other_risk
test_822,other_risk
test_823,other_risk
test_824,other_risk
test_825,other_risk
test_826,other_risk
test_827,other_risk
test_828,other_risk
test_829,other_risk
test_830,other_risk
test_831,other_risk
test_832,other_risk
test_833,other_risk
test_834,other_risk
test_835,other_risk
test_836,other_risk
test_837,other_risk
test_838,other_risk
test_839,other_risk
test_840,other_risk
test_841,other_risk
test_842,other_risk
test_843,other_risk
test_844,other_risk
test_845,other_risk
test_846,other_risk
test_847,other_risk
test_848,other_risk
test_849,other_risk
test_850,other_risk
test_851,other_risk
test_852,other_risk
test_853,other_risk
test_854,other_risk
test_855,other_risk
test_856,other_risk
test_857,other_risk
test_858,other_risk
test_859,other_risk
test_860,other_risk
test_861,other_risk
test_862,other_risk
test_863,other_risk
test_864,other_risk
test_865,other_risk
test_866,other_risk
test_867,other_risk
test_868,other_risk
test_869,other_risk
test_870,other_risk
test_871,other_risk
test_872,other_risk
test_873,other_risk
test_874,other_risk
test_875,other_risk
test_876,other_risk
test_877,other_risk
test_878,other_risk
test_879,other_risk
test_880,other_risk
test_881,other_risk
test_882,other_risk
test_883,other_risk
test_884,other_risk
test_885,other_risk
test_886,other_risk
test_887,other_risk
test_888,other_risk
test_889,other_risk
test_890,other_risk
test_891,other_risk
test_892,other_risk
test_893,other_risk
test_894,other_risk
test_895,other_risk
test_896,other_risk
test_897,other_risk
test_898,other_risk
test_899,other_risk
test_900,other_risk
test_901,other_risk
test_902,other_risk
test_903,other_risk
test_904,other_risk
test_905,other_risk
test_906,other_risk
test_907,other_risk
test_908,other_risk
test_909,other_risk
test_910,other_risk
test_911,other_risk
test_912,other_risk
test_913,other_risk
test_914,other_risk
test_915,other_risk
test_916,other_risk
test_917,other_risk
test_918,other_risk
test_919,other_risk
test_920,other_risk
test_921,other_risk
test_922,other_risk
test_923,other_risk
test_924,other_risk
test_925,other_risk
test_926,other_risk
test_927,other_risk
test_928,other_risk
test_929,other_risk
test_930,other_risk
test_931,other_risk
test_932,other_risk
test_933,other_risk
test_934,other_risk
test_935,other_risk
test_936,other_risk
test_937,other_risk
test_938,other_risk
test_939,other_risk
test_940,other_risk
test_941,other_risk
test_942,other_risk
test_943,other_risk
test_944,other_risk
test_945,other_risk
test_946,other_risk
test_947,other_risk
test_948,other_risk
test_949,other_risk
test_950,other_risk
test_951,other_risk
test_952,other_risk
test_953,other_risk
test_954,other_risk
test_955,other_risk
test_956,other_risk
test_957,other_risk
test_958,other_risk
test_959,other_risk
test_960,other_risk
test_961,other_risk
test_962,other_risk
test_963,other_risk
test_964,other_risk
test_965,other_risk
test_966,other_risk
test_967,other_risk
test_968,other_risk
test_969,other_risk
test_970,other_risk
test_971,other_risk
test_972,other_risk
test_973,other_risk
test_974,other_risk
test_975,other_risk
test_976,other_risk
test_977,other_risk
test_978,other_risk
test_979,other_risk
test_980,other_risk
test_981,other_risk
test_982,other_risk
test_983,other_risk
test_984,other_risk
test_985,other_risk
test_986,other_risk
test_987,other_risk
test_988,other_risk
test_989,other_risk
test_990,other_risk
test_991,other_risk
test_992,other_risk
test_993,other_risk
test_994,other_risk
test_995,other_risk
test_996,other_risk
test_997,other_risk
test_998,other_risk
test_999,other_risk
test_1000,other_risk
test_1001,other_risk
test_1002,other_risk
test_1003,other_risk
test_1004,other_risk
test_1005,other_risk
test_1006,other_risk
test_1007,other_risk
test_1008,other_risk
test_1009,other_risk
test_1010,other_risk
test_1011,other_risk
test_1012,other_risk
test_1013,other_risk
test_1014,other_risk
test_1015,other_risk
test_1016,other_risk
test_1017,other_risk
test_1018,other_risk
test_1019,other_risk
test_1020,other_risk
test_1021,other_risk
test_1022,other_risk
test_1023,other_risk
test_1024,other_risk
test_1025,other_risk
test_1026,other_risk
test_1027,other_risk
test_1028,other_risk
test_1029,other_risk
test_1030,other_risk
test_1031,other_risk
test_1032,other_risk
test_1033,other_risk
test_1034,other_risk
test_1035,other_risk
test_1036,other_risk
test_1037,other_risk
test_1038,other_risk
test_1039,other_risk
test_1040,other_risk
test_1041,other_risk
test_1042,other_risk
test_1043,other_risk
test_1044,other_risk
test_1045,other_risk
test_1046,other_risk
test_1047,other_risk
test_1048,other_risk
test_1049,other_risk
test_1050,other_risk
test_1051,other_risk
test_1052,other_risk
test_1053,other_risk
test_1054,other_risk
test_1055,other_risk
test_1056,other_risk
test_1057,other_risk
test_1058,other_risk
test_1059,other_risk
test_1060,other_risk
test_1061,other_risk
test_1062,other_risk
test_1063,other_risk
test_1064,other_risk
test_1065,other_risk
test_1066,other_risk
test_1067,other_risk
test_1068,other_risk
test_1069,other_risk
test_1070,other_risk
test_1071,other_risk
test_1072,other_risk
test_1073,other_risk
test_1074,other_risk
test_1075,other_risk
test_1076,other_risk
test_1077,other_risk
test_1078,other_risk
test_1079,other_risk
test_1080,other_risk
test_1081,other_risk
test_1082,other_risk
test_1083,other_risk
test_1084,other_risk
test_1085,other_risk
test_1086,other_risk
test_1087,other_risk
test_1088,other_risk
test_1089,other_risk
test_1090,other_risk
test_1091,other_risk
test_1092,other_risk
test_1093,other_risk
test_1094,other_risk
test_1095,other_risk
test_1096,other_risk
test_1097,other_risk
test_1098,other_risk
test_1099,other_risk
test_1100,other_risk
test_1101,other_risk
test_1102,other_risk
test_1103,other_risk
test_1104,other_risk
test_1105,other_risk
test_1106,other_risk
test_1107,other_risk
test_1108,other_risk
test_1109,other_risk
test_1110,other_risk
test_1111,other_risk
test_1112,other_risk
test_1113,other_risk
test_1114,other_risk
test_1115,other_risk
test_1116,other_risk
test_1117,other_risk
test_1118,other_risk
test_1119,other_risk
test_1120,other_risk
test_1121,other_risk
test_1122,other_risk
test_1123,other_risk
test_1124,other_risk
test_1125,other_risk
test_1126,other_risk
test_1127,other_risk
test_1128,other_risk
test_1129,other_risk
test_1130,other_risk
test_1131,other_risk
test_1132,other_risk
test_1133,other_risk
test_1134,other_risk
test_1135,other_risk
test_1136,other_risk
test_1137,other_risk
test_1138,other_risk
test_1139,other_risk
test_1140,other_risk
test_1141,other_risk
test_1142,other_risk
test_1143,other_risk
test_1144,other_risk
test_1145,other_risk
test_1146,other_risk
test_1147,other_risk
test_1148,other_risk
test_1149,other_risk
test_1150,other_risk
test_1151,other_risk
test_1152,other_risk
test_1153,other_risk
test_1154,other_risk
test_1155,other_risk
test_1156,other_risk
test_1157,other_risk
test_1158,other_risk
test_1159,other_risk
test_1160,other_risk
test_1161,other_risk
test_1162,other_risk
test_1163,other_risk
test_1164,other_risk
test_1165,other_risk
test_1166,other_risk
test_1167,other_risk
test_1168,other_risk
test_1169,other_risk
test_1170,other_risk
test_1171,other_risk
test_1172,other_risk
test_1173,other_risk
test_1174,other_risk
test_1175,other_risk
test_1176,other_risk
test_1177,other_risk
test_1178,other_risk
test_1179,other_risk
test_1180,other_risk
test_1181,other_risk
test_1182,other_risk
test_1183,other_risk
test_1184,other_risk
test_1185,other_risk
test_1186,other_risk
test_1187,other_risk
test_1188,other_risk
test_1189,other_risk
test_1190,other_risk
test_1191,other_risk
test_1192,other_risk
test_1193,other_risk
test_1194,other_risk
test_1195,other_risk
test_1196,other_risk
test_1197,other_risk
test_1198,other_risk
test_1199,other_risk
test_1200,other_risk
test_1201,other_risk
test_1202,other_risk
test_1203,other_risk
test_1204,other_risk
test_1205,other_risk
test_1206,other_risk
test_1207,other_risk
test_1208,other_risk
test_1209,other_risk
test_1210,other_risk
test_1211,other_risk
test_1212,other_risk
test_1213,other_risk
test_1214,other_risk
test_1215,other_risk
test_1216,other_risk
test_1217,other_risk
test_1218,other_risk
test_1219,other_risk
test_1220,other_risk
test_1221,other_risk
test_1222,other_risk
test_1223,other_risk
test_1224,other_risk
test_1225,other_risk
test_1226,other_risk
test_1227,other_risk
test_1228,other_risk
test_1229,other_risk
test_1230,other_risk
test_1231,other_risk
test_1232,other_risk
test_1233,other_risk
test_1234,other_risk
test_1235,other_risk
test_1236,other_risk
test_1237,other_risk
test_1238,other_risk
test_1239,other_risk
test_1240,other_risk
test_1241,other_risk
test_1242,other_risk
test_1243,other_risk
test_1244,other_risk
test_1245,other_risk
test_1246,other_risk
test_1247,other_risk
test_1248,other_risk
test_1249,other_risk
test_1250,other_risk
test_1251,other_risk
test_1252,other_risk
test_1253,other_risk
test_1254,other_risk
test_1255,other_risk
test_1256,other_risk
test_1257,other_risk
test_1258,other_risk
test_1259,other_risk
test_1260,other_risk
